-- 001_seed.sql
-- Idempotent seed data: a test user, a second user, Munich places, the
-- predefined reason tags, plus sample recommendations and photos.
-- Safe to run repeatedly (every INSERT uses ON CONFLICT DO NOTHING).
-- Fixed UUIDs are used so cross-references are stable across runs.

-- Users ---------------------------------------------------------------------
INSERT INTO users (id, display_name, username, avatar_url) VALUES
  ('00000000-0000-0000-0000-000000000001', 'Test User', 'testuser',
   'https://i.pravatar.cc/150?img=12'),
  ('00000000-0000-0000-0000-000000000002', 'Lena M.', 'lena',
   'https://i.pravatar.cc/150?img=32')
ON CONFLICT (id) DO NOTHING;

-- Places (Munich) -----------------------------------------------------------
INSERT INTO places
  (id, name, category, address, city, country, latitude, longitude) VALUES
  ('11111111-1111-1111-1111-111111110001', 'Hofbräuhaus München', 'Bavarian / Beer Hall',
   'Platzl 9', 'Munich', 'Germany', 48.1374, 11.5797),
  ('11111111-1111-1111-1111-111111110002', 'Augustiner-Keller', 'Beer Garden',
   'Arnulfstraße 52', 'Munich', 'Germany', 48.1442, 11.5503),
  ('11111111-1111-1111-1111-111111110003', 'Café Frischhut (Schmalznudel)', 'Café / Bakery',
   'Prälat-Zistl-Straße 8', 'Munich', 'Germany', 48.1352, 11.5763),
  ('11111111-1111-1111-1111-111111110004', 'Prinz Myshkin', 'Vegetarian',
   'Hackenstraße 2', 'Munich', 'Germany', 48.1369, 11.5731),
  ('11111111-1111-1111-1111-111111110005', 'Tantris', 'Fine Dining',
   'Johann-Fichte-Straße 7', 'Munich', 'Germany', 48.1761, 11.5905),
  ('11111111-1111-1111-1111-111111110006', 'Zum Dürnbräu', 'Bavarian',
   'Dürnbräugasse 2', 'Munich', 'Germany', 48.1361, 11.5790)
ON CONFLICT (id) DO NOTHING;

-- Reason tags ---------------------------------------------------------------
INSERT INTO reason_tags (id, label, sentiment) VALUES
  ('22222222-2222-2222-2222-222222220001', 'Great food',         'positive'),
  ('22222222-2222-2222-2222-222222220002', 'Good value',         'positive'),
  ('22222222-2222-2222-2222-222222220003', 'Nice atmosphere',    'positive'),
  ('22222222-2222-2222-2222-222222220004', 'Friendly service',   'positive'),
  ('22222222-2222-2222-2222-222222220005', 'Would go back',      'positive'),
  ('22222222-2222-2222-2222-222222220006', 'Hidden gem',         'positive'),
  ('22222222-2222-2222-2222-222222220007', 'Not my taste',       'neutral'),
  ('22222222-2222-2222-2222-222222220008', 'Too expensive for me','neutral'),
  ('22222222-2222-2222-2222-222222220009', 'Too loud',           'neutral'),
  ('22222222-2222-2222-2222-222222220010', 'Too crowded',        'neutral'),
  ('22222222-2222-2222-2222-222222220011', 'Better for tourists','neutral'),
  ('22222222-2222-2222-2222-222222220012', 'Overhyped',          'negative'),
  ('22222222-2222-2222-2222-222222220013', 'Would not return',   'negative'),
  ('22222222-2222-2222-2222-222222220014', 'Not worth the wait', 'negative')
ON CONFLICT (id) DO NOTHING;

-- Recommendations -----------------------------------------------------------
INSERT INTO recommendations
  (id, user_id, place_id, recommendation_value, visibility) VALUES
  ('33333333-3333-3333-3333-333333330001', '00000000-0000-0000-0000-000000000001', '11111111-1111-1111-1111-111111110001', 'yes',   'public'),
  ('33333333-3333-3333-3333-333333330002', '00000000-0000-0000-0000-000000000002', '11111111-1111-1111-1111-111111110001', 'maybe', 'friends'),
  ('33333333-3333-3333-3333-333333330003', '00000000-0000-0000-0000-000000000001', '11111111-1111-1111-1111-111111110002', 'yes',   'public'),
  ('33333333-3333-3333-3333-333333330004', '00000000-0000-0000-0000-000000000002', '11111111-1111-1111-1111-111111110002', 'yes',   'friends'),
  ('33333333-3333-3333-3333-333333330005', '00000000-0000-0000-0000-000000000001', '11111111-1111-1111-1111-111111110003', 'yes',   'public'),
  ('33333333-3333-3333-3333-333333330006', '00000000-0000-0000-0000-000000000002', '11111111-1111-1111-1111-111111110004', 'yes',   'friends'),
  ('33333333-3333-3333-3333-333333330007', '00000000-0000-0000-0000-000000000001', '11111111-1111-1111-1111-111111110004', 'maybe', 'public'),
  ('33333333-3333-3333-3333-333333330008', '00000000-0000-0000-0000-000000000002', '11111111-1111-1111-1111-111111110005', 'no',    'friends'),
  ('33333333-3333-3333-3333-333333330009', '00000000-0000-0000-0000-000000000001', '11111111-1111-1111-1111-111111110005', 'maybe', 'public'),
  ('33333333-3333-3333-3333-333333330010', '00000000-0000-0000-0000-000000000002', '11111111-1111-1111-1111-111111110006', 'yes',   'friends'),
  ('33333333-3333-3333-3333-333333330011', '00000000-0000-0000-0000-000000000001', '11111111-1111-1111-1111-111111110006', 'yes',   'public')
ON CONFLICT (user_id, place_id) DO NOTHING;

-- Recommendation reason tags ------------------------------------------------
INSERT INTO recommendation_reason_tags (recommendation_id, reason_tag_id) VALUES
  ('33333333-3333-3333-3333-333333330001', '22222222-2222-2222-2222-222222220003'), -- Hofbräuhaus: Nice atmosphere
  ('33333333-3333-3333-3333-333333330001', '22222222-2222-2222-2222-222222220011'), -- Better for tourists
  ('33333333-3333-3333-3333-333333330002', '22222222-2222-2222-2222-222222220010'), -- Too crowded
  ('33333333-3333-3333-3333-333333330003', '22222222-2222-2222-2222-222222220003'), -- Augustiner: Nice atmosphere
  ('33333333-3333-3333-3333-333333330003', '22222222-2222-2222-2222-222222220002'), -- Good value
  ('33333333-3333-3333-3333-333333330004', '22222222-2222-2222-2222-222222220005'), -- Would go back
  ('33333333-3333-3333-3333-333333330005', '22222222-2222-2222-2222-222222220006'), -- Frischhut: Hidden gem
  ('33333333-3333-3333-3333-333333330005', '22222222-2222-2222-2222-222222220001'), -- Great food
  ('33333333-3333-3333-3333-333333330006', '22222222-2222-2222-2222-222222220001'), -- Prinz Myshkin: Great food
  ('33333333-3333-3333-3333-333333330007', '22222222-2222-2222-2222-222222220007'), -- Not my taste
  ('33333333-3333-3333-3333-333333330008', '22222222-2222-2222-2222-222222220008'), -- Tantris: Too expensive for me
  ('33333333-3333-3333-3333-333333330008', '22222222-2222-2222-2222-222222220012'), -- Overhyped
  ('33333333-3333-3333-3333-333333330010', '22222222-2222-2222-2222-222222220004'), -- Zum Dürnbräu: Friendly service
  ('33333333-3333-3333-3333-333333330011', '22222222-2222-2222-2222-222222220005')  -- Would go back
ON CONFLICT DO NOTHING;

-- Photos (placeholder images; real uploads land in Supabase Storage later) --
INSERT INTO photos (id, user_id, place_id, recommendation_id, image_url, caption) VALUES
  ('44444444-4444-4444-4444-444444440001', '00000000-0000-0000-0000-000000000001', '11111111-1111-1111-1111-111111110001', '33333333-3333-3333-3333-333333330001', 'https://picsum.photos/seed/hofbrauhaus/800/600', 'Maß and pretzels'),
  ('44444444-4444-4444-4444-444444440002', '00000000-0000-0000-0000-000000000001', '11111111-1111-1111-1111-111111110002', '33333333-3333-3333-3333-333333330003', 'https://picsum.photos/seed/augustiner/800/600', 'Beer garden under the chestnuts'),
  ('44444444-4444-4444-4444-444444440003', '00000000-0000-0000-0000-000000000001', '11111111-1111-1111-1111-111111110003', '33333333-3333-3333-3333-333333330005', 'https://picsum.photos/seed/schmalznudel/800/600', 'Fresh Schmalznudel'),
  ('44444444-4444-4444-4444-444444440004', '00000000-0000-0000-0000-000000000002', '11111111-1111-1111-1111-111111110004', '33333333-3333-3333-3333-333333330006', 'https://picsum.photos/seed/myshkin/800/600', 'Veggie plate'),
  ('44444444-4444-4444-4444-444444440005', '00000000-0000-0000-0000-000000000001', '11111111-1111-1111-1111-111111110006', '33333333-3333-3333-3333-333333330011', 'https://picsum.photos/seed/durnbrau/800/600', 'Schnitzel done right')
ON CONFLICT (id) DO NOTHING;

-- A follow edge and a saved place for the test user -------------------------
INSERT INTO follows (follower_user_id, followed_user_id) VALUES
  ('00000000-0000-0000-0000-000000000001', '00000000-0000-0000-0000-000000000002')
ON CONFLICT DO NOTHING;

INSERT INTO saves (user_id, place_id) VALUES
  ('00000000-0000-0000-0000-000000000001', '11111111-1111-1111-1111-111111110003')
ON CONFLICT (user_id, place_id) DO NOTHING;
